<?xml version="1.0" encoding="UTF-8"?>
<project-private xmlns="http://www.netbeans.org/ns/project-private/1">
    <editor-bookmarks xmlns="http://www.netbeans.org/ns/editor-bookmarks/2" lastBookmarkId="0"/>
    <open-files xmlns="http://www.netbeans.org/ns/projectui-open-files/2">
        <group>
            <file>file:/C:/Users/CASA/Documents/NetBeansProjects/TesteRest/src/java/ws/TesteDenis.java</file>
            <file>file:/C:/Users/CASA/Documents/NetBeansProjects/TesteRest/src/java/dao/Usuario.java</file>
            <file>file:/C:/Users/CASA/Documents/NetBeansProjects/TesteRest/web/index.html</file>
            <file>file:/C:/Users/CASA/Documents/NetBeansProjects/TesteRest/src/java/ws/Gson.java</file>
        </group>
    </open-files>
</project-private>
